disc;codigo;antigo_respostas;antigo_acertos;antigo_peso_respostas;antigo_peso_acertos;novo_respostas;novo_acertos;novo_peso_respostas;novo_peso_acertos;todos_validos_respostas;todos_validos_acertos;novos_brancos;novos_nulos;novos_espacos;antigo_pct_ponderado;antigo_pct_simples;novo_pct_ponderado;novo_pct_simples;pct_simples_todos_validos;matriz;faixa_antiga;faixa_nova;delta_pp;mudou_faixa;selecionado_antes;selecionado_agora;sai_da_selecao
LP;D1;3559723.000000000000;1806117.000000000000;4464084.240512674674;2421614.237734396942;2978420.000000000000;1806012.000000000000;3882781.240512674674;2421509.237734396476;2978616.000000000000;1806113.000000000000;5176.000000000000;3508.000000000000;0.000000000000;54.246607081418;50.737571434631;62.365327525242;60.636579125845;60.635979931619;Matriz 2001 (D);Intermediário;Intermediário;8.118720443825;False;False;False;False
LP;D10;3559570.000000000000;1643276.000000000000;4460491.657277663238;2218191.373606884386;2978682.000000000000;1643173.000000000000;3879603.657277663238;2218088.373606884386;2978901.000000000000;1643276.000000000000;5603.000000000000;3270.000000000000;0.000000000000;49.729750530700;46.165014313527;57.173066363262;55.164431785602;55.163833910560;Matriz 2001 (D);Atenção;Intermediário;7.443315832561;True;True;False;True
LP;D11;4269061.000000000000;2288254.000000000000;5351696.783950778656;3078082.946339607239;3572498.000000000000;2288130.000000000000;4655133.783950777724;3077958.946339607239;3572743.000000000000;2288252.000000000000;8077.000000000000;3347.000000000000;0.000000000000;57.516019135660;53.600873822136;66.119666784901;64.048461328740;64.047483964002;Matriz 2001 (D);Intermediário;Intermediário;8.603647649241;False;False;False;False
LP;D12;4275218.000000000000;2235879.000000000000;5355551.551193289459;3031796.182850752492;3577139.000000000000;2235735.000000000000;4657472.551193288527;3031652.182850752492;3577400.000000000000;2235879.000000000000;8106.000000000000;3987.000000000000;0.000000000000;56.610344497108;52.298596235326;65.092217925665;62.500646466352;62.500111813049;Matriz 2001 (D);Intermediário;Intermediário;8.481873428556;False;False;False;False
LP;D13;3559520.000000000000;1796165.000000000000;4461146.586092269048;2413108.829915279988;2978567.000000000000;1796057.000000000000;3880193.586092269514;2413000.829915280454;2978774.000000000000;1796165.000000000000;7833.000000000000;3651.000000000000;0.000000000000;54.091673146052;50.460876747427;62.187640291046;60.299365433109;60.298800781798;Matriz 2001 (D);Intermediário;Intermediário;8.095967144994;False;False;False;False
LP;D14;3553706.000000000000;1428839.000000000000;4454025.139897718094;1915780.960609394126;2974143.000000000000;1428768.000000000000;3874462.139897717629;1915709.960609394358;2974344.000000000000;1428838.000000000000;5787.000000000000;3530.000000000000;0.000000000000;43.012351759052;40.207012060086;49.444539433800;48.039653775894;48.038760815830;Matriz 2001 (D);Atenção;Atenção;6.432187674749;False;True;True;False
LP;D15;4263198.000000000000;1928053.000000000000;5346202.599817056209;2638492.472299187910;3568512.000000000000;1927944.000000000000;4651516.599817056209;2638383.472299188375;3568765.000000000000;1928053.000000000000;8503.000000000000;4284.000000000000;0.000000000000;49.352646538114;45.225509113112;56.720929952243;54.026552243624;54.025776424057;Matriz 2001 (D);Atenção;Intermediário;7.368283414129;True;True;False;True
LP;D16;2837915.000000000000;1413774.000000000000;3555087.612318072934;1903444.603597876150;2375556.000000000000;1413702.000000000000;3092728.612318072468;1903372.603597876150;2375716.000000000000;1413773.000000000000;7306.000000000000;2230.000000000000;0.000000000000;53.541426011629;49.817348299720;61.543473165311;59.510363047640;59.509343709433;Matriz 2001 (D);Intermediário;Intermediário;8.002047153682;False;False;False;False
LP;D17;1419039.000000000000;743077.000000000000;1779323.597694377881;1004703.126177797210;1187771.000000000000;743031.000000000000;1548055.597694378113;1004657.126177797327;1187857.000000000000;743077.000000000000;3031.000000000000;1485.000000000000;0.000000000000;56.465452797888;52.364804631867;64.898000283330;62.556755468857;62.556098924365;Matriz 2001 (D);Intermediário;Intermediário;8.432547485442;False;False;False;False
LP;D18;2140533.000000000000;1364767.000000000000;2682594.453009978402;1798680.311007146491;1790582.000000000000;1364680.000000000000;2332643.453009978868;1798593.311007146258;1790702.000000000000;1364765.000000000000;2450.000000000000;2363.000000000000;0.000000000000;67.050027222302;63.758278895957;77.105367675728;76.214325844893;76.213965249383;Matriz 2001 (D);Intermediário;Adequado;10.055340453426;True;False;False;False
LP;D19;2844189.000000000000;1239800.000000000000;3566275.901100334246;1699048.009198697982;2380205.000000000000;1239726.000000000000;3102291.901100334246;1698974.009198697982;2380363.000000000000;1239798.000000000000;6545.000000000000;2504.000000000000;0.000000000000;47.642079758172;43.590633393210;54.765124087649;52.084841431725;52.084408974598;Matriz 2001 (D);Atenção;Intermediário;7.123044329477;True;True;False;True
LP;D2;2850022.000000000000;1252501.000000000000;3572373.186256399844;1691863.234732047655;2384727.000000000000;1252424.000000000000;3107078.186256400310;1691786.234732047422;2384886.000000000000;1252501.000000000000;5437.000000000000;3334.000000000000;0.000000000000;47.359644318263;43.947064268276;54.449425901651;52.518548244726;52.518275506670;Matriz 2001 (D);Atenção;Intermediário;7.089781583388;True;True;False;True
LP;D20;715521.000000000000;291910.000000000000;895694.663168431842;392980.701956882491;598383.000000000000;291885.000000000000;778556.663168431958;392955.701956882549;598430.000000000000;291906.000000000000;600.000000000000;383.000000000000;0.000000000000;43.874404762752;40.796845934641;50.472331757807;48.778959295301;48.778637434621;Matriz 2001 (D);Atenção;Intermediário;6.597926995055;True;True;False;True
LP;D21;1431003.000000000000;656462.000000000000;1792731.537968685851;885609.293099662871;1196812.000000000000;656428.000000000000;1558540.537968685851;885575.293099662755;1196898.000000000000;656462.000000000000;2157.000000000000;1493.000000000000;0.000000000000;49.399995166211;45.874257426434;56.820805845312;54.848046309696;54.846946022134;Matriz 2001 (D);Atenção;Intermediário;7.420810679101;True;True;False;True
LP;D3;3553566.000000000000;1610895.000000000000;4452546.232906615362;2195784.894475117791;2974237.000000000000;1610803.000000000000;3873217.232906615362;2195692.894475117791;2974452.000000000000;1610894.000000000000;6688.000000000000;3137.000000000000;0.000000000000;49.315263213824;45.331787843535;56.689123342235;54.158528725182;54.157673413456;Matriz 2001 (D);Atenção;Intermediário;7.373860128410;True;True;False;True
LP;D4;2837948.000000000000;1366782.000000000000;3556883.237968645524;1837557.520335870096;2375244.000000000000;1366689.000000000000;3094179.237968645524;1837464.520335869864;2375408.000000000000;1366775.000000000000;5846.000000000000;2682.000000000000;0.000000000000;51.662014111695;48.160924724484;59.384553350638;57.538888636283;57.538536537723;Matriz 2001 (D);Intermediário;Intermediário;7.722539238944;False;False;False;False
LP;D5;2843906.000000000000;1878421.000000000000;3560919.360445212107;2479373.854845954571;2380169.000000000000;1878307.000000000000;3097182.360445211641;2479259.854845954105;2380342.000000000000;1878418.000000000000;4764.000000000000;2375.000000000000;0.000000000000;69.627351924531;66.050741480204;80.048882058387;78.914858566766;78.913786338266;Matriz 2001 (D);Intermediário;Adequado;10.421530133856;True;False;False;False
LP;D6;2838053.000000000000;1378238.000000000000;3555140.125882481690;1852741.861811208306;2375791.000000000000;1378165.000000000000;3092878.125882482156;1852668.861811208306;2375950.000000000000;1378238.000000000000;5247.000000000000;2503.000000000000;0.000000000000;52.114453895156;48.562799919522;59.901127248025;58.008680056453;58.007870535996;Matriz 2001 (D);Intermediário;Intermediário;7.786673352870;False;False;False;False
LP;D7;2134501.000000000000;837014.000000000000;2676678.523087968118;1125817.940546759637;1786344.000000000000;836972.000000000000;2328521.523087968118;1125775.940546759870;1786456.000000000000;837014.000000000000;4650.000000000000;2317.000000000000;0.000000000000;42.060259789732;39.213567948668;48.347242204307;46.853909437376;46.853323003757;Matriz 2001 (D);Atenção;Atenção;6.286982414575;False;True;True;False
LP;D8;2128385.000000000000;1087503.000000000000;2665224.697276780382;1460196.698349405313;1781786.000000000000;1087437.000000000000;2318625.697276779916;1460130.698349405313;1781912.000000000000;1087503.000000000000;3241.000000000000;2107.000000000000;0.000000000000;54.787001630346;51.095220084712;62.973972041469;61.030729840733;61.030118210102;Matriz 2001 (D);Intermediário;Intermediário;8.186970411124;False;False;False;False
LP;D9;4978217.000000000000;2294739.000000000000;6236773.905356684700;3067101.025441134814;4166492.000000000000;2294605.000000000000;5425048.905356683768;3066967.025441134814;4166779.000000000000;2294735.000000000000;8321.000000000000;4687.000000000000;0.000000000000;49.177685001646;46.095600091358;56.533444747619;55.072828652977;55.072155254694;Matriz 2001 (D);Atenção;Intermediário;7.355759745974;True;True;False;True
LP;H11;709530.000000000000;234765.000000000000;889862.915041292901;320694.095473507652;593770.000000000000;234757.000000000000;774102.915041292901;320686.095473507652;593804.000000000000;234765.000000000000;2427.000000000000;749.000000000000;0.000000000000;36.038595389564;33.087395881781;41.426803754692;39.536689290466;39.535772746563;Código adicional;Crítico;Atenção;5.388208365129;True;True;True;False
LP;H12;709660.000000000000;226992.000000000000;891626.872461403371;317644.157185967313;594068.000000000000;226977.000000000000;776034.872461403371;317629.157185967313;594110.000000000000;226989.000000000000;937.000000000000;669.000000000000;0.000000000000;35.625233715656;31.986021475073;40.929753089384;38.207242268562;38.206561074548;Código adicional;Crítico;Atenção;5.304519373728;True;True;True;False
LP;H24;709530.000000000000;267211.000000000000;889862.915041292901;361769.296167807828;593770.000000000000;267198.000000000000;774102.915041292901;361756.296167807770;593804.000000000000;267211.000000000000;2861.000000000000;254.000000000000;0.000000000000;40.654497457175;37.660282158612;46.732325784939;45.000252623070;44.999865275411;Código adicional;Atenção;Atenção;6.077828327764;False;True;True;False
MT;9A1.3;1424900.000000000000;404732.000000000000;1783391.388401406584;546374.782513287966;1192086.000000000000;404704.000000000000;1550577.388401406584;546346.782513287966;1192177.000000000000;404731.000000000000;5477.000000000000;686.000000000000;0.000000000000;30.636840912585;28.404238893957;35.235054154669;33.949228495260;33.948901882858;Código adicional;Crítico;Crítico;4.598213242084;False;True;True;False
MT;9A2.1;1418896.000000000000;409497.000000000000;1775445.964030358475;555077.017977903481;1187641.000000000000;409461.000000000000;1544190.964030358475;555041.017977903481;1187728.000000000000;409496.000000000000;4646.000000000000;861.000000000000;0.000000000000;31.264089655415;28.860254733257;35.943806880545;34.476832645555;34.477254051433;Código adicional;Crítico;Crítico;4.679717225130;False;True;True;False
MT;9A2.2;1425142.000000000000;514707.000000000000;1788663.747261657147;719850.664331070264;1192497.000000000000;514676.000000000000;1556018.747261657380;719819.664331070264;1192578.000000000000;514707.000000000000;5539.000000000000;488.000000000000;0.000000000000;40.245164326337;36.116190526979;46.260346515608;43.159521575316;43.159189587599;Código adicional;Atenção;Atenção;6.015182189271;False;True;True;False
MT;9A2.3;709489.000000000000;298935.000000000000;889778.733246421558;405034.102874289500;594145.000000000000;298922.000000000000;774434.733246421558;405021.102874289500;594184.000000000000;298935.000000000000;2658.000000000000;306.000000000000;0.000000000000;45.520766876108;42.133845626923;52.298933078123;50.311287648638;50.310173279657;Código adicional;Atenção;Intermediário;6.778166202015;True;True;False;True
MT;9E2.1;709489.000000000000;387553.000000000000;889778.733246421558;522285.300733604410;594145.000000000000;387535.000000000000;774434.733246421558;522267.300733604410;594184.000000000000;387553.000000000000;2497.000000000000;515.000000000000;0.000000000000;58.698334902657;54.624243645779;67.438517193601;65.225660402764;65.224408600703;Código adicional;Intermediário;Intermediário;8.740182290944;False;False;False;False
MT;9N1.1;709660.000000000000;143814.000000000000;891626.872461403371;200946.358442442084;594068.000000000000;143805.000000000000;776034.872461403371;200937.358442442084;594110.000000000000;143814.000000000000;1946.000000000000;952.000000000000;0.000000000000;22.537046005322;20.265197418482;25.892825899062;24.206824807934;24.206628402148;Código adicional;Crítico;Crítico;3.355779893740;False;True;True;False
MT;9N1.5;709530.000000000000;162753.000000000000;889862.915041292901;240056.009715668624;593770.000000000000;162748.000000000000;774102.915041292901;240051.009715668624;593804.000000000000;162753.000000000000;2218.000000000000;317.000000000000;0.000000000000;26.976740535876;22.938142150438;31.010219061488;27.409266214191;27.408538844467;Código adicional;Crítico;Crítico;4.033478525612;False;True;True;False
MT;9N1.6;709517.000000000000;136144.000000000000;887749.238797383849;178533.370251256012;593938.000000000000;136134.000000000000;772170.238797383849;178523.370251256012;593981.000000000000;136144.000000000000;2328.000000000000;250.000000000000;0.000000000000;20.110788322738;19.188264692742;23.119690617615;22.920574201348;22.920598470321;Código adicional;Crítico;Crítico;3.008902294878;False;True;True;False
MT;9N1.7;1425051.000000000000;623207.000000000000;1785557.578209724743;838346.477381346631;1192153.000000000000;623171.000000000000;1552659.578209724743;838310.477381346631;1192234.000000000000;623207.000000000000;4180.000000000000;850.000000000000;0.000000000000;46.951523020720;43.732259406856;53.991904545358;52.272736804756;52.272204953055;Código adicional;Atenção;Intermediário;7.040381524638;True;True;False;True
MT;D1;2134670.000000000000;1018296.000000000000;2677100.268876256887;1355550.304937586188;1786596.000000000000;1018219.000000000000;2329026.268876256887;1355473.304937586188;1786724.000000000000;1018289.000000000000;4727.000000000000;2427.000000000000;0.000000000000;50.635021806882;47.702736254316;58.199141978403;56.992123569067;56.991958467004;Matriz 2001 (D);Intermediário;Intermediário;7.564120171521;False;False;False;False
MT;D10;715482.000000000000;201279.000000000000;897036.874800253892;273228.564731121529;598429.000000000000;201265.000000000000;779983.874800253892;273214.564731121529;598468.000000000000;201279.000000000000;1655.000000000000;631.000000000000;0.000000000000;30.459011486229;28.131944619152;35.028232449176;33.632227047820;33.632374663307;Matriz 2001 (D);Crítico;Crítico;4.569220962947;False;True;True;False
MT;D11;709530.000000000000;214227.000000000000;889862.915041292901;287446.496238904190;593770.000000000000;214211.000000000000;774102.915041292901;287430.496238904190;593804.000000000000;214227.000000000000;1000.000000000000;833.000000000000;0.000000000000;32.302334593364;30.192803686948;37.130785927033;36.076426899304;36.077055728826;Matriz 2001 (D);Crítico;Crítico;4.828451333669;False;True;True;False
MT;D12;2837887.000000000000;835774.000000000000;3557117.106767110527;1158305.767929224065;2375763.000000000000;835726.000000000000;3094993.106767110527;1158257.767929224065;2375919.000000000000;835774.000000000000;7174.000000000000;3165.000000000000;0.000000000000;32.563048478939;29.450573613396;37.423597661550;35.177162031735;35.176872612240;Matriz 2001 (D);Crítico;Crítico;4.860549182610;False;True;True;False
MT;D13;1419177.000000000000;553343.000000000000;1779376.111258787336;758111.401319548604;1188006.000000000000;553316.000000000000;1548205.111258787336;758084.401319548604;1188091.000000000000;553342.000000000000;2967.000000000000;1348.000000000000;0.000000000000;42.605461348092;38.990414867208;48.965372598672;46.575185647211;46.574041887364;Matriz 2001 (D);Atenção;Atenção;6.359911250580;False;True;True;False
MT;D14;1419177.000000000000;611067.000000000000;1779376.111258787336;819789.636914786184;1188006.000000000000;611029.000000000000;1548205.111258787336;819751.636914786184;1188091.000000000000;611067.000000000000;2885.000000000000;1368.000000000000;0.000000000000;46.071745693767;43.057842679243;52.948516378962;51.433157744995;51.432676453235;Matriz 2001 (D);Atenção;Intermediário;6.876770685195;True;True;False;True
MT;D15;715482.000000000000;76170.000000000000;897036.874800253892;114651.061579304791;598429.000000000000;76167.000000000000;779983.874800253892;114648.061579304791;598468.000000000000;76170.000000000000;1671.000000000000;816.000000000000;0.000000000000;12.781086798113;10.645970129228;14.698773305880;12.727825690266;12.727497543728;Matriz 2001 (D);Crítico;Crítico;1.917686507766;False;True;True;False
MT;D16;2850042.000000000000;1395594.000000000000;3572055.135663063731;1902023.365155955311;2384583.000000000000;1395516.000000000000;3106596.135663064197;1901945.365155955311;2384755.000000000000;1395594.000000000000;4889.000000000000;2604.000000000000;0.000000000000;53.247312623098;48.967488900164;61.222807281643;58.522433482081;58.521483338959;Matriz 2001 (D);Intermediário;Intermediário;7.975494658544;False;False;False;False
MT;D17;1424900.000000000000;718984.000000000000;1783391.388401406584;962182.324567091302;1192086.000000000000;718932.000000000000;1550577.388401406584;962130.324567091302;1192177.000000000000;718982.000000000000;2318.000000000000;1569.000000000000;0.000000000000;53.952392661802;50.458558495333;62.049810074879;60.308736114676;60.308326699811;Matriz 2001 (D);Intermediário;Intermediário;8.097417413077;False;False;False;False
MT;D18;1419019.000000000000;407452.000000000000;1779641.648287714459;561972.196195065160;1187915.000000000000;407432.000000000000;1548537.648287714459;561952.196195065160;1187988.000000000000;407452.000000000000;4459.000000000000;1527.000000000000;0.000000000000;31.577828982355;28.713639493199;36.289217560609;34.298076882605;34.297652838244;Matriz 2001 (D);Crítico;Crítico;4.711388578253;False;True;True;False
MT;D19;2134540.000000000000;904268.000000000000;2675336.311456146184;1232674.702042849502;1786298.000000000000;904217.000000000000;2327094.311456146184;1232623.702042849502;1786418.000000000000;904268.000000000000;4269.000000000000;2972.000000000000;0.000000000000;46.075504480105;42.363600588417;52.968360413014;50.619605463366;50.619060040819;Matriz 2001 (D);Atenção;Intermediário;6.892855932910;True;True;False;True
MT;D2;2850154.000000000000;1623958.000000000000;3575563.537103204057;2164120.582178247627;2384696.000000000000;1623854.000000000000;3110105.537103204057;2164016.582178247627;2384850.000000000000;1623956.000000000000;4238.000000000000;3581.000000000000;0.000000000000;60.525300689567;56.977903650119;69.580165571932;68.094801182205;68.094681007191;Matriz 2001 (D);Intermediário;Intermediário;9.054864882365;False;False;False;False
MT;D20;715482.000000000000;286766.000000000000;897036.874800253892;397583.564347579610;598429.000000000000;286750.000000000000;779983.874800253892;397567.564347579610;598468.000000000000;286766.000000000000;1140.000000000000;732.000000000000;0.000000000000;44.321875222366;40.080113825365;50.971254303096;47.917129684557;47.916680591109;Matriz 2001 (D);Atenção;Intermediário;6.649379080730;True;True;False;True
MT;D21;1419006.000000000000;534811.000000000000;1777527.972043805523;743066.535166864633;1188083.000000000000;534790.000000000000;1546604.972043805290;743045.535166864633;1188165.000000000000;534811.000000000000;3357.000000000000;2005.000000000000;0.000000000000;41.803366633521;37.689128869082;48.043653589510;45.012848428940;45.011509344241;Matriz 2001 (D);Atenção;Atenção;6.240286955989;False;True;True;False
MT;D22;2134501.000000000000;851862.000000000000;2676678.523087968118;1161232.747899462469;1786344.000000000000;851829.000000000000;2328521.523087968118;1161199.747899462236;1786456.000000000000;851862.000000000000;3990.000000000000;2174.000000000000;0.000000000000;43.383347603499;39.909187205815;49.868542608940;47.685608147143;47.684465780293;Matriz 2001 (D);Atenção;Atenção;6.485195005441;False;True;True;False
MT;D23;1419149.000000000000;508642.000000000000;1781405.605707824929;715740.897266526241;1188213.000000000000;508614.000000000000;1550469.605707824929;715712.897266526241;1188294.000000000000;508642.000000000000;4028.000000000000;1481.000000000000;0.000000000000;40.178435218415;35.841338717781;46.161040154011;42.804951637459;42.804390159338;Matriz 2001 (D);Atenção;Atenção;5.982604935596;False;True;True;False
MT;D24;1418896.000000000000;477572.000000000000;1775445.964030358475;643499.480012523360;1187641.000000000000;477538.000000000000;1544190.964030358475;643465.480012523243;1187728.000000000000;477570.000000000000;2340.000000000000;1659.000000000000;0.000000000000;36.244385526200;33.657998894915;41.670071578004;40.208952031801;40.208700982043;Matriz 2001 (D);Crítico;Atenção;5.425686051804;True;True;True;False
MT;D25;709379.000000000000;352534.000000000000;887696.725232974510;478484.493303067167;593703.000000000000;352513.000000000000;772020.725232974510;478463.493303067225;593747.000000000000;352534.000000000000;1043.000000000000;751.000000000000;0.000000000000;53.901797731369;49.696142682543;61.975472634971;59.375310550898;59.374447365629;Matriz 2001 (D);Intermediário;Intermediário;8.073674903602;False;False;False;False
MT;D26;1419177.000000000000;345828.000000000000;1779376.111258787336;484749.186229562561;1188006.000000000000;345803.000000000000;1548205.111258787336;484724.186229562620;1188091.000000000000;345827.000000000000;3621.000000000000;1613.000000000000;0.000000000000;27.242648879142;24.368207771124;31.308783487703;29.107849623655;29.107787198119;Matriz 2001 (D);Crítico;Crítico;4.066134608561;False;True;True;False
MT;D27;2128528.000000000000;809310.000000000000;2669102.330940799788;1074392.180825036718;1781916.000000000000;809244.000000000000;2322490.330940799322;1074326.180825036718;1782041.000000000000;809308.000000000000;5115.000000000000;1525.000000000000;0.000000000000;40.252940787262;38.022050919697;46.257509299935;45.414261951742;45.414667788227;Matriz 2001 (D);Atenção;Atenção;6.004568512673;False;True;True;False
MT;D28;2856013.000000000000;1505678.000000000000;3578204.934383539483;2002062.323473666329;2389340.000000000000;1505576.000000000000;3111531.934383539017;2001960.323473666096;2389512.000000000000;1505678.000000000000;6544.000000000000;2875.000000000000;0.000000000000;55.951583550610;52.719577957103;64.340021754278;63.012212577532;63.011945535323;Matriz 2001 (D);Intermediário;Intermediário;8.388438203667;False;False;False;False
MT;D29;1425012.000000000000;582344.000000000000;1786899.789841546677;794046.185239516431;1192199.000000000000;582309.000000000000;1554086.789841546677;794011.185239516431;1192272.000000000000;582344.000000000000;3139.000000000000;1409.000000000000;0.000000000000;44.437085378466;40.865901480128;51.091817421630;48.843271970535;48.843216984044;Matriz 2001 (D);Atenção;Intermediário;6.654732043164;True;True;False;True
MT;D3;1424900.000000000000;457958.000000000000;1783391.388401406584;646678.817092596670;1192086.000000000000;457919.000000000000;1550577.388401406584;646639.817092596670;1192177.000000000000;457958.000000000000;3485.000000000000;1577.000000000000;0.000000000000;36.261183119891;32.139658923433;41.703163088123;38.413252064029;38.413591270424;Matriz 2001 (D);Crítico;Atenção;5.441979968232;True;True;True;False
MT;D31;709517.000000000000;182639.000000000000;887749.238797383849;246555.562336361618;593938.000000000000;182621.000000000000;772170.238797383849;246537.562336361618;593981.000000000000;182634.000000000000;1841.000000000000;473.000000000000;0.000000000000;27.773108842128;25.741314161606;31.927876774988;30.747485427772;30.747448150698;Matriz 2001 (D);Crítico;Crítico;4.154767932860;False;True;True;False
MT;D33;1418896.000000000000;633502.000000000000;1775445.964030358475;865073.901401001262;1187641.000000000000;633459.000000000000;1544190.964030358475;865030.901401001262;1187728.000000000000;633500.000000000000;2837.000000000000;1074.000000000000;0.000000000000;48.724315970577;44.647528782941;56.018389017331;53.337582653344;53.337127692536;Matriz 2001 (D);Atenção;Intermediário;7.294073046754;True;True;False;True
MT;D34;2134672.000000000000;744440.000000000000;2678526.662302950397;1038490.716327943373;1786267.000000000000;744398.000000000000;2330121.662302949931;1038448.716327943373;1786382.000000000000;744439.000000000000;5341.000000000000;2178.000000000000;0.000000000000;38.770968045361;34.873741727066;44.566287380102;41.673389252559;41.673001631230;Matriz 2001 (D);Crítico;Atenção;5.795319334741;True;True;True;False
MT;D35;715521.000000000000;158694.000000000000;895694.663168431842;202017.440658809181;598383.000000000000;158678.000000000000;778556.663168431958;202001.440658809181;598430.000000000000;158694.000000000000;2683.000000000000;754.000000000000;0.000000000000;22.554275353634;22.178803976403;25.945631219279;26.517798801102;26.518389786608;Matriz 2001 (D);Crítico;Crítico;3.391355865646;False;True;True;False
MT;D36;2140520.000000000000;685894.000000000000;2680480.776766069699;953464.653622569982;1790750.000000000000;685850.000000000000;2330710.776766069699;953420.653622569982;1790879.000000000000;685891.000000000000;5054.000000000000;1816.000000000000;0.000000000000;35.570658140399;32.043335264328;40.906862538537;38.299595141700;38.299125736580;Matriz 2001 (D);Crítico;Atenção;5.336204398138;True;True;True;False
MT;D37;2838058.000000000000;1552531.000000000000;3558965.245982092340;2082864.200236816192;2375686.000000000000;1552442.000000000000;3096593.245982092340;2082775.200236815959;2375845.000000000000;1552528.000000000000;4743.000000000000;3332.000000000000;0.000000000000;58.524432139040;54.703991250355;67.260212588117;65.347103952290;65.346350456364;Matriz 2001 (D);Intermediário;Intermediário;8.735780449076;False;False;False;False
MT;D4;1419039.000000000000;433682.000000000000;1779323.597694377881;592950.501659790520;1187771.000000000000;433666.000000000000;1548055.597694378113;592934.501659790520;1187857.000000000000;433682.000000000000;2814.000000000000;1365.000000000000;0.000000000000;33.324489285037;30.561668847720;38.301886737330;36.510909931291;36.509613530922;Matriz 2001 (D);Crítico;Crítico;4.977397452293;False;True;True;False
MT;D5;715521.000000000000;314978.000000000000;895694.663168431842;419057.708000015991;598383.000000000000;314955.000000000000;778556.663168431958;419034.708000015991;598430.000000000000;314978.000000000000;1374.000000000000;759.000000000000;0.000000000000;46.785777032280;44.020790445004;53.821992389700;52.634349572097;52.634059121368;Matriz 2001 (D);Atenção;Intermediário;7.036215357420;True;True;False;True
MT;D6;1419034.000000000000;413345.000000000000;1775498.477594767697;584650.469116524328;1187876.000000000000;413330.000000000000;1544340.477594767697;584635.469116524328;1187962.000000000000;413344.000000000000;3524.000000000000;1873.000000000000;0.000000000000;32.928807120609;29.128618482714;37.856643505651;34.795719418525;34.794378944781;Matriz 2001 (D);Crítico;Crítico;4.927836385043;False;True;True;False
MT;D7;1419047.000000000000;490285.000000000000;1777612.153838676633;678904.080651911558;1187708.000000000000;490258.000000000000;1546273.153838676633;678877.080651911558;1187785.000000000000;490285.000000000000;2616.000000000000;1311.000000000000;0.000000000000;38.191912627614;34.550300307178;43.904085055514;41.277654103534;41.277251354412;Matriz 2001 (D);Crítico;Atenção;5.712172427900;True;True;True;False
MT;D8;715521.000000000000;96467.000000000000;895694.663168431842;130829.418591807800;598383.000000000000;96461.000000000000;778556.663168431958;130823.418591807800;598430.000000000000;96466.000000000000;1650.000000000000;521.000000000000;0.000000000000;14.606475171909;13.482064118314;16.803326563208;16.120277481145;16.119846932808;Matriz 2001 (D);Crítico;Crítico;2.196851391299;False;True;True;False
MT;D9;2134391.000000000000;820398.000000000000;2674596.515074521303;1136148.262937823310;1785902.000000000000;820348.000000000000;2326107.515074521303;1136098.262937823310;1786019.000000000000;820394.000000000000;3676.000000000000;2042.000000000000;0.000000000000;42.479239636120;38.437099856587;48.841175894719;45.934659348609;45.934225783712;Matriz 2001 (D);Atenção;Atenção;6.361936258599;False;True;True;False
