disc;codigo;antigo_respostas;antigo_acertos;antigo_peso_respostas;antigo_peso_acertos;novo_respostas;novo_acertos;novo_peso_respostas;novo_peso_acertos;todos_validos_respostas;todos_validos_acertos;novos_brancos;novos_nulos;novos_espacos;antigo_pct_ponderado;antigo_pct_simples;novo_pct_ponderado;novo_pct_simples;pct_simples_todos_validos;matriz;faixa_antiga;faixa_nova;delta_pp;mudou_faixa;selecionado_antes;selecionado_agora;sai_da_selecao;faixa_60_anterior;faixa_60_corrigida;selecionado_60;selecionado_60_anterior
LP;D1;3559723.000000000000;1806117.000000000000;4464084.240512674674;2421614.237734396942;2978420.000000000000;1806012.000000000000;3882781.240512674209;2421509.237734396476;2978616.000000000000;1806113.000000000000;5176.000000000000;3508.000000000000;0.000000000000;54.246607081418;50.737571434631;62.365327525242;60.636579125845;60.635979931619;Matriz 2001 (D);Intermediário;Intermediário;8.118720443825;False;False;False;False;Atenção;Intermediário;False;True
LP;D8;2128385.000000000000;1087503.000000000000;2665224.697276780382;1460196.698349405313;1781786.000000000000;1087437.000000000000;2318625.697276779916;1460130.698349405313;1781912.000000000000;1087503.000000000000;3241.000000000000;2107.000000000000;0.000000000000;54.787001630346;51.095220084712;62.973972041469;61.030729840733;61.030118210102;Matriz 2001 (D);Intermediário;Intermediário;8.186970411124;False;False;False;False;Atenção;Intermediário;False;True
LP;D11;4269061.000000000000;2288254.000000000000;5351696.783950778656;3078082.946339607239;3572498.000000000000;2288130.000000000000;4655133.783950777724;3077958.946339607239;3572743.000000000000;2288252.000000000000;8077.000000000000;3347.000000000000;0.000000000000;57.516019135660;53.600873822136;66.119666784901;64.048461328740;64.047483964002;Matriz 2001 (D);Intermediário;Intermediário;8.603647649241;False;False;False;False;Atenção;Intermediário;False;True
LP;D12;4275218.000000000000;2235879.000000000000;5355551.551193289459;3031796.182850752492;3577139.000000000000;2235735.000000000000;4657472.551193288527;3031652.182850752492;3577400.000000000000;2235879.000000000000;8106.000000000000;3987.000000000000;0.000000000000;56.610344497108;52.298596235326;65.092217925665;62.500646466352;62.500111813049;Matriz 2001 (D);Intermediário;Intermediário;8.481873428556;False;False;False;False;Atenção;Intermediário;False;True
LP;D13;3559520.000000000000;1796165.000000000000;4461146.586092269048;2413108.829915279988;2978567.000000000000;1796057.000000000000;3880193.586092269514;2413000.829915280454;2978774.000000000000;1796165.000000000000;7833.000000000000;3651.000000000000;0.000000000000;54.091673146052;50.460876747427;62.187640291046;60.299365433109;60.298800781798;Matriz 2001 (D);Intermediário;Intermediário;8.095967144994;False;False;False;False;Atenção;Intermediário;False;True
LP;D16;2837915.000000000000;1413774.000000000000;3555087.612318072934;1903444.603597875917;2375556.000000000000;1413702.000000000000;3092728.612318072468;1903372.603597875917;2375716.000000000000;1413773.000000000000;7306.000000000000;2230.000000000000;0.000000000000;53.541426011629;49.817348299720;61.543473165311;59.510363047640;59.509343709433;Matriz 2001 (D);Intermediário;Intermediário;8.002047153682;False;False;False;False;Atenção;Intermediário;False;True
LP;D17;1419039.000000000000;743077.000000000000;1779323.597694377881;1004703.126177797210;1187771.000000000000;743031.000000000000;1548055.597694378113;1004657.126177797210;1187857.000000000000;743077.000000000000;3031.000000000000;1485.000000000000;0.000000000000;56.465452797888;52.364804631867;64.898000283330;62.556755468857;62.556098924365;Matriz 2001 (D);Intermediário;Intermediário;8.432547485442;False;False;False;False;Atenção;Intermediário;False;True
MT;D16;2850042.000000000000;1395594.000000000000;3572055.135663064197;1902023.365155955544;2384583.000000000000;1395516.000000000000;3106596.135663064197;1901945.365155955544;2384755.000000000000;1395594.000000000000;4889.000000000000;2604.000000000000;0.000000000000;53.247312623098;48.967488900164;61.222807281643;58.522433482081;58.521483338959;Matriz 2001 (D);Intermediário;Intermediário;7.975494658544;False;False;False;False;Atenção;Intermediário;False;True
MT;D17;1424900.000000000000;718984.000000000000;1783391.388401406351;962182.324567091186;1192086.000000000000;718932.000000000000;1550577.388401406351;962130.324567091186;1192177.000000000000;718982.000000000000;2318.000000000000;1569.000000000000;0.000000000000;53.952392661802;50.458558495333;62.049810074879;60.308736114676;60.308326699811;Matriz 2001 (D);Intermediário;Intermediário;8.097417413077;False;False;False;False;Atenção;Intermediário;False;True
MT;D25;709379.000000000000;352534.000000000000;887696.725232974510;478484.493303067225;593703.000000000000;352513.000000000000;772020.725232974510;478463.493303067225;593747.000000000000;352534.000000000000;1043.000000000000;751.000000000000;0.000000000000;53.901797731369;49.696142682543;61.975472634971;59.375310550898;59.374447365629;Matriz 2001 (D);Intermediário;Intermediário;8.073674903602;False;False;False;False;Atenção;Intermediário;False;True
MT;D28;2856013.000000000000;1505678.000000000000;3578204.934383539483;2002062.323473666329;2389340.000000000000;1505576.000000000000;3111531.934383539017;2001960.323473666096;2389512.000000000000;1505678.000000000000;6544.000000000000;2875.000000000000;0.000000000000;55.951583550610;52.719577957103;64.340021754278;63.012212577532;63.011945535323;Matriz 2001 (D);Intermediário;Intermediário;8.388438203667;False;False;False;False;Atenção;Intermediário;False;True
MT;D37;2838058.000000000000;1552531.000000000000;3558965.245982092340;2082864.200236815959;2375686.000000000000;1552442.000000000000;3096593.245982092340;2082775.200236815959;2375845.000000000000;1552528.000000000000;4743.000000000000;3332.000000000000;0.000000000000;58.524432139040;54.703991250355;67.260212588117;65.347103952290;65.346350456364;Matriz 2001 (D);Intermediário;Intermediário;8.735780449076;False;False;False;False;Atenção;Intermediário;False;True
MT;9E2.1;709489.000000000000;387553.000000000000;889778.733246421441;522285.300733604410;594145.000000000000;387535.000000000000;774434.733246421441;522267.300733604410;594184.000000000000;387553.000000000000;2497.000000000000;515.000000000000;0.000000000000;58.698334902657;54.624243645779;67.438517193601;65.225660402764;65.224408600703;Código adicional;Intermediário;Intermediário;8.740182290944;False;False;False;False;Atenção;Intermediário;False;True
