Componente;Código;Matriz;Acerto ponderado (%);Faixa;Respostas computadas
Língua Portuguesa;D2;Matriz 2001 (D);54,44942590;Atenção;2384727
Língua Portuguesa;D3;Matriz 2001 (D);56,68912334;Atenção;2974237
Língua Portuguesa;D4;Matriz 2001 (D);59,38455335;Atenção;2375244
Língua Portuguesa;D6;Matriz 2001 (D);59,90112725;Atenção;2375791
Língua Portuguesa;D7;Matriz 2001 (D);48,34724220;Atenção;1786344
Língua Portuguesa;D9;Matriz 2001 (D);56,53344475;Atenção;4166492
Língua Portuguesa;D10;Matriz 2001 (D);57,17306636;Atenção;2978682
Língua Portuguesa;D14;Matriz 2001 (D);49,44453943;Atenção;2974143
Língua Portuguesa;D15;Matriz 2001 (D);56,72092995;Atenção;3568512
Língua Portuguesa;D19;Matriz 2001 (D);54,76512409;Atenção;2380205
Língua Portuguesa;D20;Matriz 2001 (D);50,47233176;Atenção;598383
Língua Portuguesa;D21;Matriz 2001 (D);56,82080585;Atenção;1196812
Língua Portuguesa;H11;Código adicional;41,42680375;Atenção;593770
Língua Portuguesa;H12;Código adicional;40,92975309;Atenção;594068
Língua Portuguesa;H24;Código adicional;46,73232578;Atenção;593770
Matemática;D1;Matriz 2001 (D);58,19914198;Atenção;1786596
Matemática;D3;Matriz 2001 (D);41,70316309;Atenção;1192086
Matemática;D4;Matriz 2001 (D);38,30188674;Crítico;1187771
Matemática;D5;Matriz 2001 (D);53,82199239;Atenção;598383
Matemática;D6;Matriz 2001 (D);37,85664351;Crítico;1187876
Matemática;D7;Matriz 2001 (D);43,90408506;Atenção;1187708
Matemática;D8;Matriz 2001 (D);16,80332656;Crítico;598383
Matemática;D9;Matriz 2001 (D);48,84117589;Atenção;1785902
Matemática;D10;Matriz 2001 (D);35,02823245;Crítico;598429
Matemática;D11;Matriz 2001 (D);37,13078593;Crítico;593770
Matemática;D12;Matriz 2001 (D);37,42359766;Crítico;2375763
Matemática;D13;Matriz 2001 (D);48,96537260;Atenção;1188006
Matemática;D14;Matriz 2001 (D);52,94851638;Atenção;1188006
Matemática;D15;Matriz 2001 (D);14,69877331;Crítico;598429
Matemática;D18;Matriz 2001 (D);36,28921756;Crítico;1187915
Matemática;D19;Matriz 2001 (D);52,96836041;Atenção;1786298
Matemática;D20;Matriz 2001 (D);50,97125430;Atenção;598429
Matemática;D21;Matriz 2001 (D);48,04365359;Atenção;1188083
Matemática;D22;Matriz 2001 (D);49,86854261;Atenção;1786344
Matemática;D23;Matriz 2001 (D);46,16104015;Atenção;1188213
Matemática;D24;Matriz 2001 (D);41,67007158;Atenção;1187641
Matemática;D26;Matriz 2001 (D);31,30878349;Crítico;1188006
Matemática;D27;Matriz 2001 (D);46,25750930;Atenção;1781916
Matemática;D29;Matriz 2001 (D);51,09181742;Atenção;1192199
Matemática;D31;Matriz 2001 (D);31,92787677;Crítico;593938
Matemática;D33;Matriz 2001 (D);56,01838902;Atenção;1187641
Matemática;D34;Matriz 2001 (D);44,56628738;Atenção;1786267
Matemática;D35;Matriz 2001 (D);25,94563122;Crítico;598383
Matemática;D36;Matriz 2001 (D);40,90686254;Atenção;1790750
Matemática;9A1.3;Código adicional;35,23505415;Crítico;1192086
Matemática;9A2.1;Código adicional;35,94380688;Crítico;1187641
Matemática;9A2.2;Código adicional;46,26034652;Atenção;1192497
Matemática;9A2.3;Código adicional;52,29893308;Atenção;594145
Matemática;9N1.1;Código adicional;25,89282590;Crítico;594068
Matemática;9N1.5;Código adicional;31,01021906;Crítico;593770
Matemática;9N1.6;Código adicional;23,11969062;Crítico;593938
Matemática;9N1.7;Código adicional;53,99190455;Atenção;1192153
