DS_DISCIPLINA;CO_DESCRITOR;TOTAL_RESPOSTAS_BRUTO;TOTAL_RESPOSTAS_DASH;DIF_RESPOSTAS;TOTAL_ACERTOS_BRUTO;TOTAL_ACERTOS_DASH;DIF_ACERTOS;PESO_TOTAL_RESPOSTAS_BRUTO;PESO_TOTAL_RESPOSTAS_DASH;DIF_PESO_RESPOSTAS;PESO_TOTAL_ACERTOS_BRUTO;PESO_TOTAL_ACERTOS_DASH;DIF_PESO_ACERTOS;PCT_PONDERADO_BRUTO;PCT_PONDERADO_DASH;DIF_PCT_PONDERADO
Língua Portuguesa;D1;3559723;3559723;0;1806117;1806117;0;4464084.240512;4464084.240513;-1e-06;2421614.237734;2421614.237734;-0.0;54.246607;54.246607;0.0
Língua Portuguesa;D10;3559570;3559570;0;1643276;1643276;0;4460491.657277;4460491.657278;-1e-06;2218191.373607;2218191.373607;-0.0;49.729751;49.729751;0.0
Língua Portuguesa;D11;4269061;4269061;0;2288254;2288254;0;5351696.783949;5351696.783951;-1e-06;3078082.946339;3078082.94634;-0.0;57.516019;57.516019;0.0
Língua Portuguesa;D12;4275218;4275218;0;2235879;2235879;0;5355551.551192;5355551.551193;-1e-06;3031796.18285;3031796.182851;-0.0;56.610344;56.610344;0.0
Língua Portuguesa;D13;3559520;3559520;0;1796165;1796165;0;4461146.586091;4461146.586092;-1e-06;2413108.829915;2413108.829915;-0.0;54.091673;54.091673;0.0
Língua Portuguesa;D14;3553706;3553706;0;1428839;1428839;0;4454025.139897;4454025.139898;-1e-06;1915780.960609;1915780.960609;-0.0;43.012352;43.012352;0.0
Língua Portuguesa;D15;4263198;4263198;0;1928053;1928053;0;5346202.599816;5346202.599817;-1e-06;2638492.472299;2638492.472299;-0.0;49.352647;49.352647;0.0
Língua Portuguesa;D16;2837915;2837915;0;1413774;1413774;0;3555087.612318;3555087.612318;-0.0;1903444.603598;1903444.603598;-0.0;53.541426;53.541426;0.0
Língua Portuguesa;D17;1419039;1419039;0;743077;743077;0;1779323.597694;1779323.597694;-0.0;1004703.126178;1004703.126178;-0.0;56.465453;56.465453;0.0
Língua Portuguesa;D18;2140533;2140533;0;1364767;1364767;0;2682594.45301;2682594.45301;-0.0;1798680.311007;1798680.311007;-0.0;67.050027;67.050027;0.0
Língua Portuguesa;D19;2844189;2844189;0;1239800;1239800;0;3566275.9011;3566275.9011;-0.0;1699048.009199;1699048.009199;-0.0;47.64208;47.64208;0.0
Língua Portuguesa;D2;2850022;2850022;0;1252501;1252501;0;3572373.186256;3572373.186256;-0.0;1691863.234732;1691863.234732;-0.0;47.359644;47.359644;0.0
Língua Portuguesa;D20;715521;715521;0;291910;291910;0;895694.663168;895694.663168;-0.0;392980.701957;392980.701957;0.0;43.874405;43.874405;0.0
Língua Portuguesa;D21;1431003;1431003;0;656462;656462;0;1792731.537969;1792731.537969;-0.0;885609.2931;885609.2931;-0.0;49.399995;49.399995;0.0
Língua Portuguesa;D3;3553566;3553566;0;1610895;1610895;0;4452546.232906;4452546.232907;-1e-06;2195784.894475;2195784.894475;-0.0;49.315263;49.315263;0.0
Língua Portuguesa;D4;2837948;2837948;0;1366782;1366782;0;3556883.237968;3556883.237969;-0.0;1837557.520336;1837557.520336;-0.0;51.662014;51.662014;0.0
Língua Portuguesa;D5;2843906;2843906;0;1878421;1878421;0;3560919.360445;3560919.360445;-0.0;2479373.854846;2479373.854846;-0.0;69.627352;69.627352;0.0
Língua Portuguesa;D6;2838053;2838053;0;1378238;1378238;0;3555140.125882;3555140.125883;-0.0;1852741.861811;1852741.861811;-0.0;52.114454;52.114454;0.0
Língua Portuguesa;D7;2134501;2134501;0;837014;837014;0;2676678.523088;2676678.523088;-0.0;1125817.940547;1125817.940547;-0.0;42.06026;42.06026;0.0
Língua Portuguesa;D8;2128385;2128385;0;1087503;1087503;0;2665224.697276;2665224.697277;-0.0;1460196.698349;1460196.698349;-0.0;54.787002;54.787002;0.0
Língua Portuguesa;D9;4978217;4978217;0;2294739;2294739;0;6236773.905355;6236773.905357;-1e-06;3067101.025441;3067101.025441;-0.0;49.177685;49.177685;0.0
Língua Portuguesa;H11;709530;709530;0;234765;234765;0;889862.915041;889862.915041;-0.0;320694.095474;320694.095474;0.0;36.038595;36.038595;0.0
Língua Portuguesa;H12;709660;709660;0;226992;226992;0;891626.872461;891626.872461;-0.0;317644.157186;317644.157186;0.0;35.625234;35.625234;0.0
Língua Portuguesa;H24;709530;709530;0;267211;267211;0;889862.915041;889862.915041;-0.0;361769.296168;361769.296168;0.0;40.654497;40.654497;0.0
Matemática;9A1.3;1424900;1424900;0;404732;404732;0;1783391.388401;1783391.388401;-0.0;546374.782513;546374.782513;0.0;30.636841;30.636841;0.0
Matemática;9A2.1;1418896;1418896;0;409497;409497;0;1775445.96403;1775445.96403;-0.0;555077.017978;555077.017978;0.0;31.26409;31.26409;0.0
Matemática;9A2.2;1425142;1425142;0;514707;514707;0;1788663.747262;1788663.747262;-0.0;719850.664331;719850.664331;0.0;40.245164;40.245164;0.0
Matemática;9A2.3;709489;709489;0;298935;298935;0;889778.733246;889778.733246;-0.0;405034.102874;405034.102874;0.0;45.520767;45.520767;0.0
Matemática;9E2.1;709489;709489;0;387553;387553;0;889778.733246;889778.733246;-0.0;522285.300734;522285.300734;0.0;58.698335;58.698335;0.0
Matemática;9N1.1;709660;709660;0;143814;143814;0;891626.872461;891626.872461;-0.0;200946.358442;200946.358442;0.0;22.537046;22.537046;0.0
Matemática;9N1.5;709530;709530;0;162753;162753;0;889862.915041;889862.915041;-0.0;240056.009716;240056.009716;0.0;26.976741;26.976741;0.0
Matemática;9N1.6;709517;709517;0;136144;136144;0;887749.238797;887749.238797;-0.0;178533.370251;178533.370251;0.0;20.110788;20.110788;0.0
Matemática;9N1.7;1425051;1425051;0;623207;623207;0;1785557.57821;1785557.57821;-0.0;838346.477381;838346.477381;-0.0;46.951523;46.951523;0.0
Matemática;D1;2134670;2134670;0;1018296;1018296;0;2677100.268876;2677100.268876;-0.0;1355550.304938;1355550.304938;-0.0;50.635022;50.635022;0.0
Matemática;D10;715482;715482;0;201279;201279;0;897036.8748;897036.8748;-0.0;273228.564731;273228.564731;0.0;30.459011;30.459011;0.0
Matemática;D11;709530;709530;0;214227;214227;0;889862.915041;889862.915041;-0.0;287446.496239;287446.496239;0.0;32.302335;32.302335;0.0
Matemática;D12;2837887;2837887;0;835774;835774;0;3557117.106767;3557117.106767;-0.0;1158305.767929;1158305.767929;0.0;32.563048;32.563048;0.0
Matemática;D13;1419177;1419177;0;553343;553343;0;1779376.111259;1779376.111259;-0.0;758111.40132;758111.40132;-0.0;42.605461;42.605461;0.0
Matemática;D14;1419177;1419177;0;611067;611067;0;1779376.111259;1779376.111259;-0.0;819789.636915;819789.636915;-0.0;46.071746;46.071746;0.0
Matemática;D15;715482;715482;0;76170;76170;0;897036.8748;897036.8748;-0.0;114651.061579;114651.061579;0.0;12.781087;12.781087;0.0
Matemática;D16;2850042;2850042;0;1395594;1395594;0;3572055.135663;3572055.135663;-0.0;1902023.365156;1902023.365156;-0.0;53.247313;53.247313;0.0
Matemática;D17;1424900;1424900;0;718984;718984;0;1783391.388401;1783391.388401;-0.0;962182.324567;962182.324567;-0.0;53.952393;53.952393;0.0
Matemática;D18;1419019;1419019;0;407452;407452;0;1779641.648288;1779641.648288;-0.0;561972.196195;561972.196195;0.0;31.577829;31.577829;0.0
Matemática;D19;2134540;2134540;0;904268;904268;0;2675336.311456;2675336.311456;-0.0;1232674.702043;1232674.702043;-0.0;46.075504;46.075504;0.0
Matemática;D2;2850154;2850154;0;1623958;1623958;0;3575563.537103;3575563.537103;-0.0;2164120.582178;2164120.582178;-0.0;60.525301;60.525301;0.0
Matemática;D20;715482;715482;0;286766;286766;0;897036.8748;897036.8748;-0.0;397583.564348;397583.564348;0.0;44.321875;44.321875;0.0
Matemática;D21;1419006;1419006;0;534811;534811;0;1777527.972044;1777527.972044;-0.0;743066.535167;743066.535167;-0.0;41.803367;41.803367;0.0
Matemática;D22;2134501;2134501;0;851862;851862;0;2676678.523088;2676678.523088;-0.0;1161232.747899;1161232.747899;-0.0;43.383348;43.383348;0.0
Matemática;D23;1419149;1419149;0;508642;508642;0;1781405.605708;1781405.605708;-0.0;715740.897267;715740.897267;0.0;40.178435;40.178435;0.0
Matemática;D24;1418896;1418896;0;477572;477572;0;1775445.96403;1775445.96403;-0.0;643499.480013;643499.480013;0.0;36.244386;36.244386;0.0
Matemática;D25;709379;709379;0;352534;352534;0;887696.725233;887696.725233;-0.0;478484.493303;478484.493303;0.0;53.901798;53.901798;0.0
Matemática;D26;1419177;1419177;0;345828;345828;0;1779376.111259;1779376.111259;-0.0;484749.18623;484749.18623;0.0;27.242649;27.242649;0.0
Matemática;D27;2128528;2128528;0;809310;809310;0;2669102.330941;2669102.330941;-0.0;1074392.180825;1074392.180825;-0.0;40.252941;40.252941;0.0
Matemática;D28;2856013;2856013;0;1505678;1505678;0;3578204.934383;3578204.934384;-0.0;2002062.323474;2002062.323474;-0.0;55.951584;55.951584;0.0
Matemática;D29;1425012;1425012;0;582344;582344;0;1786899.789841;1786899.789842;-0.0;794046.18524;794046.18524;-0.0;44.437085;44.437085;0.0
Matemática;D3;1424900;1424900;0;457958;457958;0;1783391.388401;1783391.388401;-0.0;646678.817093;646678.817093;0.0;36.261183;36.261183;0.0
Matemática;D31;709517;709517;0;182639;182639;0;887749.238797;887749.238797;-0.0;246555.562336;246555.562336;0.0;27.773109;27.773109;0.0
Matemática;D33;1418896;1418896;0;633502;633502;0;1775445.96403;1775445.96403;-0.0;865073.901401;865073.901401;-0.0;48.724316;48.724316;0.0
Matemática;D34;2134672;2134672;0;744440;744440;0;2678526.662303;2678526.662303;-0.0;1038490.716328;1038490.716328;0.0;38.770968;38.770968;0.0
Matemática;D35;715521;715521;0;158694;158694;0;895694.663168;895694.663168;-0.0;202017.440659;202017.440659;0.0;22.554275;22.554275;0.0
Matemática;D36;2140520;2140520;0;685894;685894;0;2680480.776766;2680480.776766;-0.0;953464.653623;953464.653623;-0.0;35.570658;35.570658;0.0
Matemática;D37;2838058;2838058;0;1552531;1552531;0;3558965.245982;3558965.245982;-0.0;2082864.200237;2082864.200237;-0.0;58.524432;58.524432;0.0
Matemática;D4;1419039;1419039;0;433682;433682;0;1779323.597694;1779323.597694;-0.0;592950.50166;592950.50166;0.0;33.324489;33.324489;0.0
Matemática;D5;715521;715521;0;314978;314978;0;895694.663168;895694.663168;-0.0;419057.708;419057.708;0.0;46.785777;46.785777;0.0
Matemática;D6;1419034;1419034;0;413345;413345;0;1775498.477595;1775498.477595;-0.0;584650.469117;584650.469117;0.0;32.928807;32.928807;0.0
Matemática;D7;1419047;1419047;0;490285;490285;0;1777612.153839;1777612.153839;-0.0;678904.080652;678904.080652;0.0;38.191913;38.191913;0.0
Matemática;D8;715521;715521;0;96467;96467;0;895694.663168;895694.663168;-0.0;130829.418592;130829.418592;0.0;14.606475;14.606475;0.0
Matemática;D9;2134391;2134391;0;820398;820398;0;2674596.515074;2674596.515075;-0.0;1136148.262938;1136148.262938;0.0;42.47924;42.47924;0.0
